<?xml version="1.0" encoding="UTF-8"?>
<!DOCTYPE mapper PUBLIC "-//mybatis.org//DTD Mapper 3.0//EN" "http://mybatis.org/dtd/mybatis-3-mapper.dtd">

<mapper namespace="com.ilabservice.intelab.mapper.CameraListMapper">

	<!-- 可根据自己的需求，是否要使用 -->
    <resultMap type="com.ilabservice.intelab.model.CameraList" id="cameraListMap">
        <id property="id" column="id"/>
        <result property="name" column="name"/>
        <result property="monitoringTargetId" column="monitoring_target_id"/>
        <result property="serialNo" column="serial_no"/>
        <result property="playUrl" column="play_url"/>
        <result property="description" column="description"/>

        <association property="monitoringTarget"
                     javaType="com.ilabservice.intelab.model.MonitoringTarget" column="monitoring_target_id"
                     select="getMonitoringTargetInfoByMonId" fetchType="lazy" />
    </resultMap>

    <!-- ..................................表關係配置文件.................................. -->

    <select id="getMonitoringTargetInfoByMonId" resultType="com.ilabservice.intelab.model.MonitoringTarget"
            parameterType="Integer">
        select * from monitoring_target c where c.id = #{monitoring_target_id}
    </select>

    <!-- ..................................表關係配置文件.................................. -->

</mapper>