<?xml version="1.0" encoding="UTF-8"?>
<!DOCTYPE mapper PUBLIC "-//mybatis.org//DTD Mapper 3.0//EN" "http://mybatis.org/dtd/mybatis-3-mapper.dtd">

<mapper namespace="com.ilabservice.intelab.mapper.CommonLookupMapper">

	<!-- 可根据自己的需求，是否要使用 -->
    <resultMap type="com.ilabservice.intelab.model.CommonLookup" id="commonLookupMap">
        <result property="id" column="id"/>
        <result property="categoryName" column="category_name"/>
        <result property="categoryDesc" column="category_desc"/>
        <result property="code" column="code"/>
        <result property="value" column="value"/>
        <result property="sortOrder" column="sort_order"/>
        <result property="createDatetime" column="create_datetime"/>
    </resultMap>

</mapper>