<?xml version="1.0" encoding="UTF-8"?>
<!DOCTYPE mapper PUBLIC "-//mybatis.org//DTD Mapper 3.0//EN" "http://mybatis.org/dtd/mybatis-3-mapper.dtd">

<mapper namespace="com.ilabservice.intelab.mapper.CompanyContractMapper">

	<!-- 可根据自己的需求，是否要使用 -->
    <resultMap type="com.ilabservice.intelab.model.CompanyContract" id="companyContractMap">
        <result property="id" column="id"/>
        <result property="companyId" column="company_id"/>
        <result property="startDate" column="start_date"/>
        <result property="endDate" column="end_date"/>
        <result property="description" column="description"/>
        <result property="signDate" column="sign_date"/>
    </resultMap>
    <insert id="addCompanyContract" parameterType="com.ilabservice.intelab.model.CompanyContract" useGeneratedKeys="true" keyProperty="id">
    insert into company_contract
    <trim prefix="(" suffix=")" suffixOverrides=",">
    <if test="companyId!=null">
    company_id,
    </if>
    <if test="startDate!=null">
    start_date,
    </if>
    <if test="endDate!=null">
    end_date,
    </if>
    <if test="signDate!=null">
    sign_date,
    </if>
    <if test="description!=null">
    description,
    </if>
    </trim>
    values
    <trim prefix="(" suffix=")" suffixOverrides=",">
    <if test="companyId!=null">
    #{companyId},
    </if>
    <if test="startDate!=null">
    #{startDate},
    </if>
    <if test="endDate!=null">
    #{endDate},
    </if>
    <if test="signDate!=null">
    #{signDate},
    </if>
    <if test="description!=null">
    #{description},
    </if>
    </trim>
    </insert>
</mapper>