<?xml version="1.0" encoding="UTF-8"?>
<!DOCTYPE mapper PUBLIC "-//mybatis.org//DTD Mapper 3.0//EN" "http://mybatis.org/dtd/mybatis-3-mapper.dtd">

<mapper namespace="com.ilabservice.intelab.mapper.CompanyExtraFeatureMapMapper">

	<!-- 可根据自己的需求，是否要使用 -->
    <resultMap type="com.ilabservice.intelab.model.CompanyExtraFeatureMap" id="companyExtraFeatureMapMap">
        <result property="id" column="id"/>
        <result property="companyId" column="company_id"/>
        <result property="extraFeatureId" column="extra_feature_id"/>
    </resultMap>

    <select id="selectCompanyExtraListByCompanyId" parameterType="java.lang.Integer" resultMap="companyExtraFeatureMapMap">
     SELECT
            *
        FROM
            company_extra_feature_map
        WHERE company_id = #{companyId}
    </select>

    <insert id="addOneOrMoreProductFeaturesTCompany" parameterType="java.util.List">
        insert into company_extra_feature_map (company_id,extra_feature_id)
        values
        <foreach collection="list" item="item" index="index" separator=",">
            (#{item.companyId}, #{item.featuresId})
        </foreach>
    </insert>

    <delete id="deleteOneOrMorefeaturessFromTheCompanyId" parameterType="map">
        delete from company_extra_feature_map where company_id = #{companyId} and extra_feature_id in
        <foreach collection="featuresIdList" item="item" index="index" open="(" close=")" separator=",">
            #{item}
        </foreach>
    </delete>
</mapper>