<?xml version="1.0" encoding="UTF-8"?>
<!DOCTYPE mapper PUBLIC "-//mybatis.org//DTD Mapper 3.0//EN" "http://mybatis.org/dtd/mybatis-3-mapper.dtd">

<mapper namespace="com.ilabservice.intelab.mapper.CompanyMapper">

    <!-- 可根据自己的需求，是否要使用 -->
    <resultMap type="com.ilabservice.intelab.model.Company" id="companyMap">
        <result property="id" column="id"/>
        <result property="domainName" column="domain_name"/>
        <result property="name" column="name"/>
        <result property="address" column="address"/>
        <result property="email" column="email"/>
        <result property="telephone" column="telephone"/>
        <result property="backgroundUrl" column="background_url"/>
        <result property="createDatetime" column="create_datetime"/>
        <result property="loginUrl" column="login_url"/>
        <result property="updateDatetime" column="update_datetime"/>
        <result property="blockChainAddress" column="block_chain_address"/>
        <result property="isEnabled" column="is_enabled"/>
        <collection property="extraFeatures" column="id" ofType="com.ilabservice.intelab.model.ExtraFeature" select="findListExtraFeatureByCompanyId" fetchType="lazy"></collection>
    </resultMap>

    <select id="selectCompanyById" parameterType="Integer" resultType="com.ilabservice.intelab.model.Company">
        select * from company where id = #{id}
    </select>
    
    <insert id="createCompany" parameterType="com.ilabservice.intelab.model.Company" useGeneratedKeys="true" keyProperty="id">
    insert into company
    <trim prefix="(" suffix=")" suffixOverrides=",">
    <if test="name!=null">
    name,
    </if>
    <if test="address!=null">
    address,
    </if>
    <if test="email!=null">
    email,
    </if>
    domain_name,
    <if test="telephone!=null">
    telephone,
    </if>
    create_datetime
    </trim>
     values
       <trim prefix="(" suffix=")" suffixOverrides=",">
    <if test="name!=null">
    #{name},
    </if>
    <if test="address!=null">
    #{address},
    </if>
    <if test="email!=null">
    #{email},
    </if>
    #{domainName},
    <if test="telephone!=null">
    #{telephone},
    </if>
    #{createDatetime}
    </trim>
    </insert>
 
    <select id="findListExtraFeatureByCompanyId" parameterType="Integer" resultType="com.ilabservice.intelab.model.ExtraFeature">
    select ef.id,
    ef.name,
    ef.description,
    ef.category,
    ef.tier
    from extra_feature ef 
    left join company_extra_feature_map c 
    on c.extra_feature_id=ef.id
    where c.company_id=#{companyId} 
    </select>
    
    <select id="findListCompanyContractByCompanyId" parameterType="integer" resultType="com.ilabservice.intelab.model.CompanyContract">
     select ct.id,
     ct.company_id as companyId,
     ct.start_date as startDate,
     ct.end_date as endDate,
     ct.description,
     ct.sign_date as signDate
     from company_contract ct left join company c
     on c.id=ct.company_id
     where c.id=#{companyId}
     </select>
     <select id="findCompanyCount" resultType="integer">
     select count(*) from company
     </select>
     <update id="updateCompanyInfo" parameterType="com.ilabservice.intelab.model.Location">
     update location 
     <set>
     <if test="latitude!=null">
    latitude=#{latitude},
     </if>
     <if test="longtitude!=null">
     longtitude=#{longtitude},
     </if>
       <if test="locationType!=null">
     location_type=#{locationType},
     </if>
     </set>
     where company_id=#{companyId}
     </update>
</mapper>