<?xml version="1.0" encoding="UTF-8"?>
<!DOCTYPE mapper PUBLIC "-//mybatis.org//DTD Mapper 3.0//EN" "http://mybatis.org/dtd/mybatis-3-mapper.dtd">

<mapper namespace="com.ilabservice.intelab.mapper.DeviceFilesMapper">

	<!-- 可根据自己的需求，是否要使用 -->
    <resultMap type="com.ilabservice.intelab.model.DeviceFiles" id="deviceFilesMap">
        <result property="id" column="id"/>
        <result property="url" column="url"/>
        <result property="type" column="type"/>
        <result property="description" column="description"/>
        <result property="name" column="name"/>
        <result property="deviceId" column="device_id"/>
        <result property="createDate" column="create_date"/>

        <association property="labDevice" column="device_id"
                     javaType="com.ilabservice.intelab.model.LabDevice"
                     select="getLabDriverByDeviceId" fetchType="lazy"/>
    </resultMap>

    <!-- ..................................表關係配置文件.................................. -->

    <select id="getLabDriverByDeviceId" resultType="com.ilabservice.intelab.model.LabDevice"
            parameterType="Integer">
        select * from lab_device l where l.id = #{device_id}
    </select>

    <!-- ..................................表關係配置文件.................................. -->
</mapper>