<?xml version="1.0" encoding="UTF-8"?>
<!DOCTYPE mapper PUBLIC "-//mybatis.org//DTD Mapper 3.0//EN" "http://mybatis.org/dtd/mybatis-3-mapper.dtd">

<mapper namespace="com.ilabservice.intelab.mapper.DeviceMapper">

	<!-- 可根据自己的需求，是否要使用 -->
    <resultMap type="com.ilabservice.intelab.model.Device" id="deviceMap">
        <result property="id" column="id"/>
        <result property="code" column="code"/>
        <result property="name" column="name"/>
        <result property="purchaseDate" column="purchase_date"/>
        <result property="photo" column="photo"/>
        <result property="manufacturer" column="manufacturer"/>
        <result property="productModel" column="product_model"/>
        <result property="healthScore" column="health_score"/>
        <result property="createDatetime" column="create_datetime"/>
    </resultMap>

</mapper>