<?xml version="1.0" encoding="UTF-8"?>
<!DOCTYPE mapper PUBLIC "-//mybatis.org//DTD Mapper 3.0//EN" "http://mybatis.org/dtd/mybatis-3-mapper.dtd">

<mapper namespace="com.ilabservice.intelab.mapper.EventMapper">

	<!-- 可根据自己的需求，是否要使用 -->
    <resultMap type="com.ilabservice.intelab.model.Event" id="eventMap">
        <result property="id" column="id"/>
        <result property="iotTerminalId" column="iot_terminal_id"/>
        <result property="monitoringTargetMeasureRuleId" column="monitoring_target_measure_rule_id"/>
        <result property="counts" column="counts"/>
        <result property="startDatetime" column="start_datetime"/>
        <result property="endDatetime" column="end_datetime"/>
        <result property="diagnoseReason" column="diagnose_reason"/>
        <result property="correctiveAction" column="corrective_action"/>
        <result property="processStatus" column="process_status"/>
        <result property="lastProcessDatetime" column="last_process_datetime"/>

        <association property="iotTerminal"
                     javaType="com.ilabservice.intelab.model.IotTerminal" column="iot_terminal_id"
                     select="getIotTerminalInfoByItoId" fetchType="lazy" />

        <association property="monitoringTargetMeasureRule"
                     javaType="com.ilabservice.intelab.model.MonitoringTargetMeasureRule"
                     column="monitoring_target_measure_rule_id"
                     select="getMonitoringTargetMeasureRuleInfoByItoId" fetchType="lazy" />
    </resultMap>

    <!-- ..................................表關係配置文件.................................. -->

    <select id="getIotTerminalInfoByItoId" resultType="com.ilabservice.intelab.model.IotTerminal"
            parameterType="Integer">
        select * from iot_terminal c where c.id = #{iot_terminal_id}
    </select>

    <select id="getMonitoringTargetMeasureRuleInfoByItoId" resultType="com.ilabservice.intelab.model.MonitoringTargetMeasureRule"
            parameterType="Integer">
        select * from monitoring_target_measure_rule d where d.id = #{monitoring_target_measure_rule_id}
    </select>

    <!-- ..................................表關係配置文件.................................. -->
</mapper>