<?xml version="1.0" encoding="UTF-8"?>
<!DOCTYPE mapper PUBLIC "-//mybatis.org//DTD Mapper 3.0//EN" "http://mybatis.org/dtd/mybatis-3-mapper.dtd">

<mapper namespace="com.ilabservice.intelab.mapper.ExtraFeatureMapper">

	<!-- 可根据自己的需求，是否要使用 -->
    <resultMap type="com.ilabservice.intelab.model.ExtraFeature" id="extraFeatureMap">
        <result property="id" column="id"/>
        <result property="name" column="name"/>
        <result property="description" column="description"/>
        <result property="category" column="category"/>
        <result property="tier" column="tier"/>
        <result property="parentFeatureId" column="parent_feature_id"/>
    </resultMap>
    <select id="findListExtraFeature" parameterType="integer" resultType="com.ilabservice.intelab.model.ExtraFeature">
     select ef.id,
    ef.name,
    ef.description,
    ef.category,
    ef.tier
    from extra_feature ef 
    where ef.parent_feature_id=#{id} 
    </select>
</mapper>