<?xml version="1.0" encoding="UTF-8"?>
<!DOCTYPE mapper PUBLIC "-//mybatis.org//DTD Mapper 3.0//EN" "http://mybatis.org/dtd/mybatis-3-mapper.dtd">

<mapper namespace="com.ilabservice.intelab.mapper.IotTerminalMonitoringTargetMapMapper">

	<!-- 可根据自己的需求，是否要使用 -->
    <resultMap type="com.ilabservice.intelab.model.IotTerminalMonitoringTargetMap" id="iotTerminalMonitoringTargetMapMap">
        <result property="id" column="id"/>
        <result property="iotTerminalId" column="iot_terminal_id"/>
        <result property="monitoringTargetId" column="monitoring_target_id"/>
        <result property="startTime" column="start_time"/>
        <result property="endTime" column="end_time"/>
        <result property="isCurrent" column="is_current"/>
        <result property="createDatetime" column="create_datetime"/>

        <association property="monitoringTarget"
                     javaType="com.ilabservice.intelab.model.MonitoringTarget" column="monitoring_target_id"
                     select="getMonitoringTargetInfoByMonId" fetchType="lazy" />

        <association property="iotTerminal"
                     javaType="com.ilabservice.intelab.model.IotTerminal" column="iot_terminal_id"
                     select="getIotTerminalInfoByItoId" fetchType="lazy" />
    </resultMap>

    <!-- ..................................表關係配置文件.................................. -->

    <select id="getMonitoringTargetInfoByMonId" resultType="com.ilabservice.intelab.model.MonitoringTarget"
            parameterType="Integer">
        select * from monitoring_target c where c.id = #{monitoring_target_id}
    </select>

    <select id="getIotTerminalInfoByItoId" resultType="com.ilabservice.intelab.model.IotTerminal"
            parameterType="Integer">
        select * from iot_terminal d where d.id = #{iot_terminal_id}
    </select>

    <!-- ..................................表關係配置文件.................................. -->

</mapper>