<?xml version="1.0" encoding="UTF-8"?>
<!DOCTYPE mapper PUBLIC "-//mybatis.org//DTD Mapper 3.0//EN" "http://mybatis.org/dtd/mybatis-3-mapper.dtd">

<mapper namespace="com.ilabservice.intelab.mapper.IotTerminalMapper">

	<!-- 可根据自己的需求，是否要使用 -->
    <resultMap type="com.ilabservice.intelab.model.IotTerminal" id="iotTerminalMap">
        <result property="id" column="id"/>
        <result property="serialNo" column="serial_no"/>
        <result property="batteryStatus" column="battery_status"/>
        <result property="isOnline" column="is_online"/>
        <result property="model" column="model"/>
        <result property="firmwareVersion" column="firmware_version"/>
        <result property="createDatetime" column="create_datetime"/>
    </resultMap>

</mapper>