<?xml version="1.0" encoding="UTF-8"?>
<!DOCTYPE mapper PUBLIC "-//mybatis.org//DTD Mapper 3.0//EN" "http://mybatis.org/dtd/mybatis-3-mapper.dtd">

<mapper namespace="com.ilabservice.intelab.mapper.LabDeviceMapper">

	<!-- 可根据自己的需求，是否要使用 -->
    <resultMap type="com.ilabservice.intelab.model.LabDevice" id="labDeviceMap">
        <result property="id" column="id"/>
        <result property="name" column="name"/>
        <result property="purchaseDate" column="purchase_date"/>
        <result property="photo" column="photo"/>
        <result property="manufacturer" column="manufacturer"/>
        <result property="model" column="model"/>
        <result property="healthScore" column="health_score"/>
        <result property="createDatetime" column="create_datetime"/>
        <result property="assetId" column="asset_id"/>
        <result property="productLine" column="product_line"/>
        <result property="brand" column="brand"/>
        <result property="blockChainKey" column="block_chain_key"/>
        <result property="enableSharing" column="enable_sharing"/>
        <result property="leaseClause" column="lease_clause"/>
        <result property="leasePricePerHour" column="lease_price_per_hour"/>
    </resultMap>

    <insert id="addLabDevice" parameterType="com.ilabservice.intelab.model.LabDevice" useGeneratedKeys="true" keyProperty="id">
        insert into lab_device
        <trim prefix="(" suffix=")" suffixOverrides="," >
            <if test="id != null" >
                id,
            </if>
            <if test="name != null" >
                name,
            </if>
            <if test="purchaseDate != null" >
                purchase_date,
            </if>
            <if test="photo != null" >
                photo,
            </if>
            <if test="manufacturer != null" >
                manufacturer,
            </if>
            <if test="model != null" >
                model,
            </if>
            <if test="healthScore != null" >
                health_score,
            </if>
            <if test="createDatetime != null" >
                create_datetime,
            </if>
            <if test="assetId != null" >
                asset_id,
            </if>
            <if test="productLine != null" >
                product_line,
            </if>
            <if test="brand != null" >
                brand,
            </if>
            <if test="blockChainKey != null" >
                block_chain_key,
            </if>
            <if test="enableSharing != null" >
                enable_sharing,
            </if>
            <if test="leaseClause != null" >
                lease_clause,
            </if>
            <if test="leasePricePerHour != null" >
                lease_price_per_hour,
            </if>
        </trim>
        <trim prefix="values (" suffix=")" suffixOverrides="," >
            <if test="id != null" >
                #{id},
            </if>
            <if test="name != null" >
                #{name},
            </if>
            <if test="purchaseDate != null" >
                #{purchaseDate},
            </if>
            <if test="photo != null" >
                #{photo},
            </if>
            <if test="manufacturer != null" >
                #{manufacturer},
            </if>
            <if test="model != null" >
                #{model},
            </if>
            <if test="healthScore != null" >
                #{healthScore},
            </if>
            <if test="createDatetime != null" >
                #{createDatetime},
            </if>
            <if test="assetId != null" >
                #{assetId},
            </if>
            <if test="productLine != null" >
                #{productLine},
            </if>
            <if test="brand != null" >
                #{brand},
            </if>
            <if test="blockChainKey != null" >
                #{blockChainKey},
            </if>
            <if test="enableSharing != null" >
                #{enableSharing},
            </if>
            <if test="leaseClause != null" >
                #{leaseClause},
            </if>
            <if test="leasePricePerHour != null" >
                #{leasePricePerHour},
            </if>
        </trim>
    </insert>
    <select id="findLabDeviceByExample" parameterType="map" resultType="com.ilabservice.intelab.model.LabDevice">
        select * from lab_device
        <where>
            <if test="labDevice.productLine!=null and labDevice.productLine!=''">
                and product_line like "%${labDevice.productLine}%"
            </if>
            <if test="labDevice.assetId!=null and labDevice.assetId!=''">
                and asset_id like "%${labDevice.assetId}%"
            </if>
            <if test="labDevice.model!=null and labDevice.model!=''">
                and model like "%${labDevice.model}%"
            </if>
            <if test="labDevice.brand!=null and labDevice.brand!=''">
                and brand like "%${labDevice.brand}%"
            </if>

        </where>
        and
            id in
        <foreach collection="labDeviceIds" index="index" item="item" open="(" close=")" separator=",">
          #{item}
        </foreach>
        limit #{limit},#{offset}
    </select>
    <select id="findCountByExample" parameterType="com.ilabservice.intelab.model.LabDevice" resultType="integer">
        select count(*) from lab_device
        <where>
            <if test="productLine!=null and productLine!=''">
                and product_line like "%${productLine}%"
            </if>
            <if test="assetId!=null and assetId!=''">
                and asset_id like "%${assetId}%"
            </if>
            <if test="model!=null and model!=''">
                and model like "%${model}%"
            </if>
            <if test="brand!=null and brand!=''">
                and brand like "%${brand}%"
            </if>
        </where>
    </select>

</mapper>