<?xml version="1.0" encoding="UTF-8"?>
<!DOCTYPE mapper PUBLIC "-//mybatis.org//DTD Mapper 3.0//EN" "http://mybatis.org/dtd/mybatis-3-mapper.dtd">

<mapper namespace="com.ilabservice.intelab.mapper.LeaseRecordMapper">

	<!-- 可根据自己的需求，是否要使用 -->
    <resultMap type="com.ilabservice.intelab.model.LeaseRecord" id="leaseRecordMap">
        <result property="id" column="id"/>
        <result property="monitoringTargetId" column="monitoring_target_id"/>
        <result property="lessorId" column="lessor_id"/>
        <result property="lesseeId" column="lessee_id"/>
        <result property="price" column="price"/>
        <result property="beginTime" column="begin_time"/>
        <result property="endTime" column="end_time"/>
        <result property="aggrement" column="aggrement"/>
        <result property="status" column="status"/>

        <association property="monitoringTarget"
                     javaType="com.ilabservice.intelab.model.MonitoringTarget" column="monitoring_target_id"
                     select="getMonitoringTargetInfoByMonId" fetchType="lazy" />

        <association property="lessorUser"
                     javaType="com.ilabservice.intelab.model.User" column="lessor_id"
                     select="getLessorUserInfoByMonId" fetchType="lazy" />

        <association property="lesseeUser"
                     javaType="com.ilabservice.intelab.model.User" column="lessee_id"
                     select="getLesseeUserInfoByMonId" fetchType="lazy" />
    </resultMap>

    <!-- ..................................表關係配置文件.................................. -->

    <select id="getMonitoringTargetInfoByMonId" resultType="com.ilabservice.intelab.model.MonitoringTarget"
            parameterType="Integer">
        select * from user dc where c.id = #{monitoring_target_id}
     </select>
    <select id="getLessorUserInfoByMonId" resultType="com.ilabservice.intelab.model.User"
            parameterType="Integer">
        select * from user d where d.id = #{lessor_id}
     </select>
    <select id="getLesseeUserInfoByMonId" resultType="com.ilabservice.intelab.model.User"
            parameterType="Integer">
        select * from user u where u.id = #{lessee_id}
     </select>

    <!-- ..................................表關係配置文件.................................. -->


    <select id="selectByUserId" parameterType="java.lang.Integer" resultType="com.ilabservice.intelab.model.LeaseRecord">
     SELECT
            id
        FROM
            lease_record
        WHERE lessor_id = #{userId} or lessee_id = #{userId}
    </select>
</mapper>