<?xml version="1.0" encoding="UTF-8"?>
<!DOCTYPE mapper PUBLIC "-//mybatis.org//DTD Mapper 3.0//EN" "http://mybatis.org/dtd/mybatis-3-mapper.dtd">

<mapper namespace="com.ilabservice.intelab.mapper.LocationRoleUserMapMapper">

	<!-- 可根据自己的需求，是否要使用 -->
    <resultMap type="com.ilabservice.intelab.model.LocationRoleUserMap" id="locationRoleUserMapMap">
        <result property="id" column="id"/>
        <result property="locationId" column="location_id"/>
        <result property="userId" column="user_id"/>
        <result property="roleId" column="role_id"/>
        <result property="createDatetime" column="create_datetime"/>
    </resultMap>

    <select id="selectByUserId" parameterType="java.lang.Integer" resultType="com.ilabservice.intelab.model.LocationRoleUserMap">
     SELECT
            id
        FROM
            location_role_user_map
        WHERE user_id = #{userId}
    </select>
</mapper>