<?xml version="1.0" encoding="UTF-8"?>
<!DOCTYPE mapper PUBLIC "-//mybatis.org//DTD Mapper 3.0//EN" "http://mybatis.org/dtd/mybatis-3-mapper.dtd">

<mapper namespace="com.ilabservice.intelab.mapper.MeasureTypeMapper">

	<!-- 可根据自己的需求，是否要使用 -->
    <resultMap type="com.ilabservice.intelab.model.MeasureType" id="measureTypeMap">
        <result property="id" column="id"/>
        <result property="name" column="name"/>
        <result property="code" column="code"/>
        <result property="unit" column="unit"/>
        <result property="measurement" column="measurement"/>
    </resultMap>
    <insert id="addMeasureType" keyProperty="id" useGeneratedKeys="true" parameterType="string">
        insert into measure_type(name) values (#{name})
    </insert>

</mapper>