<?xml version="1.0" encoding="UTF-8"?>
<!DOCTYPE mapper PUBLIC "-//mybatis.org//DTD Mapper 3.0//EN" "http://mybatis.org/dtd/mybatis-3-mapper.dtd">

<mapper namespace="com.ilabservice.intelab.mapper.MonitoringTargetMeasureTypeMapMapper">

	<!-- 可根据自己的需求，是否要使用 -->
    <resultMap type="com.ilabservice.intelab.model.MonitoringTargetMeasureTypeMap" id="monitoringTargetMeasureTypeMapMap">
        <result property="id" column="id"/>
        <result property="monitoringTargetId" column="monitoring_target_id"/>
        <result property="measureTypeId" column="measure_type_id"/>

        <association property="monitoringTarget"
                     javaType="com.ilabservice.intelab.model.MonitoringTarget" column="monitoring_target_id"
                     select="getMonitoringTargetInfoByMonId" fetchType="lazy" />

        <association property="measureType" column="measure_type_id"
                     javaType="com.ilabservice.intelab.model.MeasureType"
                     select="getMeasureTypeById" fetchType="lazy"/>
    </resultMap>

    <!-- ..................................表關係配置文件.................................. -->

    <select id="getMonitoringTargetInfoByMonId" resultType="com.ilabservice.intelab.model.MonitoringTarget"
            parameterType="Integer">
        select * from monitoring_target c where c.id = #{monitoring_target_id}
    </select>

    <select id="getMeasureTypeById" resultType="com.ilabservice.intelab.model.MeasureType"
            parameterType="Integer">
        select * from measure_type d where d.id = #{measure_type_id}
    </select>

    <!-- ..................................表關係配置文件.................................. -->

</mapper>