<?xml version="1.0" encoding="UTF-8"?>
<!DOCTYPE mapper PUBLIC "-//mybatis.org//DTD Mapper 3.0//EN" "http://mybatis.org/dtd/mybatis-3-mapper.dtd">

<mapper namespace="com.ilabservice.intelab.mapper.MonitoringTargetGroupMapper">

	<!-- 可根据自己的需求，是否要使用 -->
    <resultMap type="com.ilabservice.intelab.model.MonitoringTargetGroup" id="monitoringTargetGroupMap">
        <result property="id" column="id"/>
        <result property="groupName" column="group_name"/>
        <result property="groupDesc" column="group_desc"/>
        <result property="isDynamic" column="is_dynamic"/>
        <result property="dynamicGroupRule" column="dynamic_group_rule"/>
        <result property="parentGroupId" column="parent_group_id"/>
        <result property="createDatetime" column="create_datetime"/>
    </resultMap>

</mapper>