<?xml version="1.0" encoding="UTF-8"?>
<!DOCTYPE mapper PUBLIC "-//mybatis.org//DTD Mapper 3.0//EN" "http://mybatis.org/dtd/mybatis-3-mapper.dtd">

<mapper namespace="com.ilabservice.intelab.mapper.MonitoringTargetTypeMapper">

	<!-- 可根据自己的需求，是否要使用 -->
    <resultMap type="com.ilabservice.intelab.model.MonitoringTargetType" id="monitoringTargetTypeMap">
        <result property="id" column="id"/>
        <result property="name" column="name"/>
        <result property="description" column="description"/>
        <result property="logoUrl" column="logo_url"/>
        <result property="companyId" column="company_id"/>
        <result property="createDatetime" column="create_datetime"/>
    </resultMap>
    <insert id="addMonitoringTargetType" parameterType="com.ilabservice.intelab.model.MonitoringTargetType" useGeneratedKeys="true" keyProperty="id">
            insert into monitoring_target_type
        <trim prefix="(" suffix=")" suffixOverrides=",">
            name,
            <if test="companyId!=null">
                company_id,
            </if>
            <if test="description!=null">
                description,
            </if>
            <if test="logoUrl!=null">
                logo_url,
            </if>
            <if test="createDatetime!=null">
                create_datetime,
            </if>
        </trim>
            values
            <trim prefix="(" suffix=")" suffixOverrides=",">
                #{name},
                <if test="companyId!=null">
                    #{companyId},
                </if>
                <if test="description!=null">
                    #{description},
                </if>
                <if test="logoUrl!=null">
                    #{logoUrl},
                </if>
                <if test="createDatetime!=null">
                    #{createDatetime},
                </if>
            </trim>
    </insert>
    <select id="findMonitorTargetTypeCount" resultType="integer">
        select count(*) from monitoring_target_type
    </select>
    <select id="findMeasureTypesByMonitoringTargetTypeId" resultType="com.ilabservice.intelab.model.MeasureType" parameterType="integer">
        select m.name,m.code,m.unit  from measure_type m left join monitoring_target_type_measure_type_map mt on mt.measure_type_id=m.id
        where mt.monitoring_target_type_id=#{monitoringTargetTypeId}
    </select>
    <insert id="addOneAndMoreMeasureTypeByMonitorTargetTypeId" parameterType="list">
        insert into monitoring_target_type_measure_type_map(monitoring_target_type_id,measure_type_id)
        values
        <foreach collection="list"  separator="," index="index" item="item">
            (#{item.monitoringTargetTypeId},#{item.measureTypeId})
        </foreach>

    </insert>
    <delete id="deleteOneAndMoreMeasureTypeByMonitorTargetTypeId" parameterType="map">
        delete from monitoring_target_type_measure_type_map
        where monitoring_target_type_id=#{monitoringTargetTypeId} and measure_type_id in
        <foreach collection="list" open="(" separator="," close=")" item="item" index="index">
            #{item}
        </foreach>
    </delete>
    <select id="findmeasureRuleByMonitorTargetTypeId" parameterType="integer" resultType="com.ilabservice.intelab.model.MonitoringTargetTypeMeasureRule">
        select mr.id,
        mr.name,
        mr.definition,
        mr.monitoring_target_type_id as monitoringTargetTypeId,
        mr.measure_type_id as measureTypeId,
        mr.purpose
        from monitoring_target_type_measure_rule mr
        where mr.monitoring_target_type_id=#{monitoringTargetTypeId}
    </select>
    <delete id="deleteMeasureRuleByMonitoringTargetTypeIdAndMeasureRule" parameterType="com.ilabservice.intelab.model.MonitoringTargetTypeMeasureRule">
        delete from monitoring_target_type_measure_rule where id=#{id} and monitoring_target_type_id=#{monitoringTargetTypeId}
    </delete>
</mapper>