<?xml version="1.0" encoding="UTF-8"?>
<!DOCTYPE mapper PUBLIC "-//mybatis.org//DTD Mapper 3.0//EN" "http://mybatis.org/dtd/mybatis-3-mapper.dtd">

<mapper namespace="com.ilabservice.intelab.mapper.MonitoringTargetGroupStaticMapMapper">

	<!-- 可根据自己的需求，是否要使用 -->
    <resultMap type="com.ilabservice.intelab.model.MonitoringTargetGroupStaticMap" id="monitoringTargetGroupStaticMapMap">
        <result property="id" column="id"/>
        <result property="groupId" column="group_id"/>
        <result property="monitoringTargetId" column="monitoring_target_id"/>

        <association property="monitoringTarget"
                     javaType="com.ilabservice.intelab.model.MonitoringTarget" column="monitoring_target_id"
                     select="getMonitoringTargetInfoByMonId" fetchType="lazy" />

        <association property="monitoringTargetGroup" column="group_id"
                    javaType="com.ilabservice.intelab.model.MonitoringTargetGroup"
                    select="getmonitoringTargetGroupById" fetchType="lazy"/>
    </resultMap>

    <!-- ..................................表關係配置文件.................................. -->

    <select id="getMonitoringTargetInfoByMonId" resultType="com.ilabservice.intelab.model.MonitoringTarget"
            parameterType="Integer">
        select * from monitoring_target c where c.id = #{monitoring_target_id}
    </select>

    <select id="getmonitoringTargetGroupById" resultType="com.ilabservice.intelab.model.MonitoringTargetGroup"
            parameterType="Integer">
        select * from monitoring_target_group d where d.id = #{group_id}
    </select>

    <!-- ..................................表關係配置文件.................................. -->
</mapper>