<?xml version="1.0" encoding="UTF-8"?>
<!DOCTYPE mapper PUBLIC "-//mybatis.org//DTD Mapper 3.0//EN" "http://mybatis.org/dtd/mybatis-3-mapper.dtd">

<mapper namespace="com.ilabservice.intelab.mapper.MonitoringTargetMeasureRuleMapper">

	<!-- 可根据自己的需求，是否要使用 -->
    <resultMap type="com.ilabservice.intelab.model.MonitoringTargetMeasureRule" id="monitoringTargetMeasureRuleMap">
        <result property="id" column="id"/>
        <result property="name" column="name"/>
        <result property="definition" column="definition"/>
        <result property="monitoringTargetId" column="monitoring_target_id"/>
        <result property="measureTypeId" column="measure_type_id"/>
        <result property="purpose" column="purpose"/>

        <association property="monitoringTarget"
                     javaType="com.ilabservice.intelab.model.MonitoringTarget" column="monitoring_target_id"
                     select="getMonitoringTargetInfoByMonId" fetchType="lazy" />

        <association property="measureType"
                     javaType="com.ilabservice.intelab.model.MeasureType" column="measure_type_id"
                     select="getMeasureTypeInfoByMeaId" fetchType="lazy" />
    </resultMap>

    <!-- ..................................表關係配置文件.................................. -->

    <select id="getMonitoringTargetInfoByMonId" resultType="com.ilabservice.intelab.model.MonitoringTarget"
            parameterType="Integer">
        select * from monitoring_target c where c.id = #{monitoring_target_id}
    </select>
    <select id="getMeasureTypeInfoByMeaId" resultType="com.ilabservice.intelab.model.MeasureType"
            parameterType="Integer">
        select * from measure_type d where d.id = #{measure_type_id}
    </select>

    <!-- ..................................表關係配置文件.................................. -->

</mapper>