<?xml version="1.0" encoding="UTF-8"?>
<!DOCTYPE mapper PUBLIC "-//mybatis.org//DTD Mapper 3.0//EN" "http://mybatis.org/dtd/mybatis-3-mapper.dtd">

<mapper namespace="com.ilabservice.intelab.mapper.MonitoringTargetTypeMeasureTypeMapMapper">

	<!-- 可根据自己的需求，是否要使用 -->
    <resultMap type="com.ilabservice.intelab.model.MonitoringTargetTypeMeasureTypeMap" id="monitoringTargetTypeMeasureTypeMapMap">
        <result property="id" column="id"/>
        <result property="monitoringTargetTypeId" column="monitoring_target_type_id"/>
        <result property="measureTypeId" column="measure_type_id"/>

        <association property="measureType"
                     javaType="com.ilabservice.intelab.model.MeasureType" column="measure_type_id"
                     select="getMonitoringTargetTypeInfoByMonId" fetchType="lazy" />

        <association property="monitoringTargetType"
                     javaType="com.ilabservice.intelab.model.MonitoringTargetType" column="monitoring_target_type_id"
                     select="getMonitoringTypeTargetTypeInfoByMonId" fetchType="lazy" />
    </resultMap>

    <!-- ..................................表關係配置文件.................................. -->

    <select id="getMonitoringTargetTypeInfoByMonId" resultType="com.ilabservice.intelab.model.MeasureType"
            parameterType="Integer">
        select * from measure_type c where c.id = #{measure_type_id}
    </select>

    <select id="getMonitoringTypeTargetTypeInfoByMonId" resultType="com.ilabservice.intelab.model.MonitoringTargetType"
            parameterType="Integer">
        select * from monitoring_target_type d where d.id = #{monitoring_target_type_id}
    </select>

    <!-- ..................................表關係配置文件.................................. -->
</mapper>