<?xml version="1.0" encoding="UTF-8"?>
<!DOCTYPE mapper PUBLIC "-//mybatis.org//DTD Mapper 3.0//EN" "http://mybatis.org/dtd/mybatis-3-mapper.dtd">

<mapper namespace="com.ilabservice.intelab.mapper.PermissionMapper">

    <!-- 可根据自己的需求，是否要使用 -->
    <resultMap type="com.ilabservice.intelab.model.Permission" id="permissionMap">
        <id property="id" column="id"/>
        <result property="permissionType" column="permission_type"/>
        <result property="name" column="name"/>
        <result property="description" column="description"/>
        <result property="createDatetime" column="create_datetime"/>
    </resultMap>

    <select id="getAllPermission" resultMap="permissionMap">
        SELECT
          name,
          permission_type as permissionType,
          description
        FROM
          permission
    </select>

    <select id="getPermissionByPermissionId" parameterType="integer"
            resultType="com.ilabservice.intelab.model.Permission">
        SELECT
          id,
          permission_type as permissionType,
          name
        FROM
         permission
        WHERE
          `id` = #{permissionId}
    </select>

</mapper>