<?xml version="1.0" encoding="UTF-8"?>
<!DOCTYPE mapper PUBLIC "-//mybatis.org//DTD Mapper 3.0//EN" "http://mybatis.org/dtd/mybatis-3-mapper.dtd">

<mapper namespace="com.ilabservice.intelab.mapper.ResourceTypeRoleUserMapMapper">

	<!-- 可根据自己的需求，是否要使用 -->
    <resultMap type="com.ilabservice.intelab.model.ResourceTypeRoleUserMap" id="resourceTypeRoleUserMapMap">
        <result property="id" column="id"/>
        <result property="resourceTypeId" column="resource_type_id"/>
        <result property="userId" column="user_id"/>
        <result property="roleId" column="role_id"/>
        <result property="createDatetime" column="create_datetime"/>

        <association property="monitoringTargetType"
                     javaType="com.ilabservice.intelab.model.MonitoringTargetType" column="resource_type_id"
                     select="getMonitoringTargetypeInfoByMonId" fetchType="lazy" />

        <association property="role"
                     javaType="com.ilabservice.intelab.model.Role" column="role_id"
                     select="getRoleInfoByMonId" fetchType="lazy" />

        <association property="user"
                     javaType="com.ilabservice.intelab.model.User" column="user_id"
                     select="getUserInfoByMonId" fetchType="lazy" />
    </resultMap>

    <!-- ..................................表關係配置文件.................................. -->

    <select id="getMonitoringTargetypeInfoByMonId" resultType="com.ilabservice.intelab.model.MonitoringTarget"
            parameterType="Integer">
        select * from monitoring_target_type c where c.id = #{resource_type_id}
    </select>

    <select id="getRoleInfoByMonId" resultType="com.ilabservice.intelab.model.Role"
            parameterType="Integer">
        select * from role d where d.id = #{role_id}
    </select>

    <select id="getUserInfoByMonId" resultType="com.ilabservice.intelab.model.User"
            parameterType="Integer">
        select * from user d where d.id = #{user_id}
    </select>

    <!-- ..................................表關係配置文件.................................. -->

    <select id="selectByUserId" parameterType="java.lang.Integer" resultType="com.ilabservice.intelab.model.ResourceTypeRoleUserMap">
     SELECT
            id
        FROM
            resource_type_role_user_map
        WHERE user_id = #{userId}
    </select>

</mapper>