<?xml version="1.0" encoding="UTF-8"?>
<!DOCTYPE mapper PUBLIC "-//mybatis.org//DTD Mapper 3.0//EN" "http://mybatis.org/dtd/mybatis-3-mapper.dtd">

<mapper namespace="com.ilabservice.intelab.mapper.RolePermissionMapMapper">

	<!-- 可根据自己的需求，是否要使用 -->
    <resultMap type="com.ilabservice.intelab.model.RolePermissionMap" id="rolePermissionMapMap">
        <result property="id" column="id"/>
        <result property="roleId" column="role_id"/>
        <result property="permissionId" column="permission_id"/>

        <association property="permission" column="id"
                    javaType="com.ilabservice.intelab.model.Permission"
                    select="getPermissionsById" fetchType="lazy"/>

        <association property="role" column="id"
                     javaType="com.ilabservice.intelab.model.Role"
                     select="getRoleById" fetchType="lazy"/>
    </resultMap>

    <!-- ..................................表關係配置文件.................................. -->

    <select id="getPermissionsById" resultType="com.ilabservice.intelab.model.Permission"
            parameterType="Integer">
        select * from permission c where c.id = #{permission_id}
    </select>

    <select id="getRoleById" resultType="com.ilabservice.intelab.model.Role"
            parameterType="Integer">
        select * from role d where d.id = #{role_id}
    </select>

    <!-- ..................................表關係配置文件.................................. -->

    <select id="getPermissionByRoleId" resultType="com.ilabservice.intelab.model.Permission"
            parameterType="Integer">
        select
        p.name,
        p.permission_type,
        p.description
        from permission p
        left join role_permission_map rpm on (p.id = rpm.permission_id)
        where rpm.role_id = #{roleId}
    </select>

    <select id="getRolePermissionMapListByPermissionId" resultMap="rolePermissionMapMap"
            parameterType="Integer">
        select
         *
        from role_permission_map
        where permission_id = #{permissionId}
    </select>

    <delete id="deletePermissionAndRoleByPermissionId"  parameterType="Integer">
        delete from role_permission_map where permission_id = #{permissionId}
    </delete>

    <select id="getUserRolePermissionMapByRoleId" parameterType="java.lang.Integer" resultType="com.ilabservice.intelab.model.RolePermissionMap">
     SELECT
            *
        FROM
            role_permission_map
        WHERE role_id = #{roleId}
    </select>

    <delete id="deleteOneOrMorePermissionsFromTheSpecifiedRole">
        delete from role_permission_map where role_id = #{roleId} and permission_id in
        <foreach collection="permissionIdList" item="item" index="index" open="(" close=")" separator=",">
            #{item}
        </foreach>
    </delete>

    <insert id="addOneToMultiplePermissionsToGivenRole" parameterType="java.util.List">
        insert into role_permission_map (role_id,permission_id)
        values
        <foreach collection="list" item="item" index="index" separator=",">
            (#{item.roleId}, #{item.permissionId})
        </foreach>
    </insert>

</mapper>