<?xml version="1.0" encoding="UTF-8"?>
<!DOCTYPE mapper PUBLIC "-//mybatis.org//DTD Mapper 3.0//EN" "http://mybatis.org/dtd/mybatis-3-mapper.dtd">

<mapper namespace="com.ilabservice.intelab.mapper.RoleMapper">

    <resultMap type="com.ilabservice.intelab.model.Role" id="roleMap">
        <id property="id" column="id"/>
        <result property="name" column="name"/>
        <result property="description" column="description"/>
        <result property="roleType" column="role_type"/>
        <result property="createDatetime" column="create_datetime"/>
        <collection property="permissions" column="id"
                    ofType="com.ilabservice.intelab.model.Permission"
                    select="getPermissionsByRoleId" fetchType="lazy"/>
    </resultMap>

    <select id="getRoleById" resultMap="roleMap" parameterType="Integer">
        select
            id,
            name,
            description,
            role_type,
            create_datetime
        from role
        where id = #{id}
    </select>

    <select id="getPermissionsByRoleId" resultType="com.ilabservice.intelab.model.Permission"
            parameterType="Integer">
        select
            p.id,
            p.permission_type as permissionType,
            p.name,
            p.description,
            p.create_datetime as createDatetime
        from role_permission_map rpm
        left outer JOIN permission p on rpm.permission_id = p.id
        where rpm.role_id = #{role_id}
    </select>

    <select id="getAllUserRoles" resultMap="roleMap">
        select
           id,
           name,
           role_type as roleType
        from role
    </select>
</mapper>

