<?xml version="1.0" encoding="UTF-8"?>
<!DOCTYPE mapper PUBLIC "-//mybatis.org//DTD Mapper 3.0//EN" "http://mybatis.org/dtd/mybatis-3-mapper.dtd">

<mapper namespace="com.ilabservice.intelab.mapper.SensorMapper">

	<!-- 可根据自己的需求，是否要使用 -->
    <resultMap type="com.ilabservice.intelab.model.Sensor" id="sensorMap">
        <result property="id" column="id"/>
        <result property="serialNo" column="serial_no"/>
        <result property="deviceId" column="device_id"/>
        <result property="sampleFrequency" column="sample_frequency"/>
        <result property="sampleTimeUnit" column="sample_time_unit"/>
        <result property="zeroDrift" column="zero_drift"/>
        <result property="calibrationFrequency" column="calibration_frequency"/>
        <result property="lastCalibrationDate" column="last_calibration_date"/>
        <result property="inputHigh" column="input_high"/>
        <result property="inputLow" column="input_low"/>
        <result property="outputHigh" column="output_high"/>
        <result property="outputLow" column="output_low"/>
        <result property="createDatetime" column="create_datetime"/>

        <association property="iotTerminal"
                     javaType="com.ilabservice.intelab.model.IotTerminal" column="device_id"
                     select="getIotTerminalInfoByItoId" fetchType="lazy" />
    </resultMap>

    <!-- ..................................表關係配置文件.................................. -->

    <select id="getIotTerminalInfoByItoId" resultType="com.ilabservice.intelab.model.IotTerminal"
            parameterType="Integer">
        select * from iot_terminal c where c.id = #{device_id}
    </select>

    <!-- ..................................表關係配置文件.................................. -->

</mapper>