<?xml version="1.0" encoding="UTF-8"?>
<!DOCTYPE mapper PUBLIC "-//mybatis.org//DTD Mapper 3.0//EN" "http://mybatis.org/dtd/mybatis-3-mapper.dtd">

<mapper namespace="com.ilabservice.intelab.mapper.SensorMeasureTypeMapMapper">

	<!-- 可根据自己的需求，是否要使用 -->
    <resultMap type="com.ilabservice.intelab.model.SensorMeasureTypeMap" id="sensorMeasureTypeMapMap">
        <result property="id" column="id"/>
        <result property="sensorId" column="sensor_id"/>
        <result property="measureTypeId" column="measure_type_id"/>

        <association property="sensor"
                     javaType="com.ilabservice.intelab.model.Sensor" column="sensor_id"
                     select="getSensorInfoByMonId" fetchType="lazy" />

        <association property="measureType"
                     javaType="com.ilabservice.intelab.model.MeasureType" column="measure_type_id"
                     select="getMeasureTypeInfoByMonId" fetchType="lazy" />
    </resultMap>

    <!-- ..................................表關係配置文件.................................. -->

    <select id="getSensorInfoByMonId" resultType="com.ilabservice.intelab.model.Sensor"
            parameterType="Integer">
        select * from sensor c where c.id = #{sensor_id}
    </select>

    <select id="getMeasureTypeInfoByMonId" resultType="com.ilabservice.intelab.model.MeasureType"
            parameterType="Integer">
        select * from measure_type d where d.id = #{measure_type_id}
    </select>

    <!-- ..................................表關係配置文件.................................. -->

</mapper>