<?xml version="1.0" encoding="UTF-8"?>
<!DOCTYPE mapper PUBLIC "-//mybatis.org//DTD Mapper 3.0//EN" "http://mybatis.org/dtd/mybatis-3-mapper.dtd">

<mapper namespace="com.ilabservice.intelab.mapper.UserRolesMapper">

    <!-- 可根据自己的需求，是否要使用 -->
    <resultMap type="com.ilabservice.intelab.model.UserRolesMap" id="siteRoleUserMapMap">
        <id property="id" column="id"/>
        <result property="roleId" column="role_id"/>
        <result property="userId" column="user_id"/>
    </resultMap>


    <insert id="add" parameterType="com.ilabservice.intelab.model.UserRolesMap"
            useGeneratedKeys="true" keyProperty="id">
        insert into site_role_user_map(role_id, user_id) values(#{roleID}, #{userID})
    </insert>
    
    <select id="findUserByRoleId" parameterType="integer" resultType="com.ilabservice.intelab.model.User">
     SELECT
            u.id,
            u.company_id as companyId,
            u.user_name as userName,
            u.password,
            u.name,
            u.head_icon as headIcon,
            u.mobile,
            u.telephone,
            u.gender,
            u.email,
            u.department,
            u.job,
            u.job_number as jobNumber,
            u.bind_mobile as bindMobile,
            u.bind_email bindEmail,
            u.verify,
            u.create_datetime createDatetime,
            u.update_datetime updateDatetime,
            u.last_password_error_date lastPasswordErrorDate,
            u.password_error_retry_times passwordErrorRetryTimes,
            u.last_password_error_date lastPasswordErrorDate,
            u.alert_notification_type alertNotificationType,
            u.block_chain_address as blockChainAddress
        FROM user u right join site_role_user_map sm on sm.user_id=u.id
        WHERE sm.role_id=#{roleId};
    </select>
    
    <select id="findListRoleByUserId" parameterType="integer" resultType="com.ilabservice.intelab.model.Role">
     SELECT
            rd.id,
            rd.`name` AS name,
            rd.role_type AS roleType,
            rd.description AS roleDesc
        FROM
            role rd
        LEFT JOIN site_role_user_map srum ON rd.id = srum.role_id
        WHERE srum.user_id = #{userID}
    </select>

    <select id="getLoginRoleIdByLoginUserId" parameterType="integer" resultType="com.ilabservice.intelab.model.Role">
     SELECT
            r.id,
            r.role_type,
            r.name
        FROM
            user u
            left join site_role_user_map s on (u.id = s.user_id)
            left join role r on (r.id = s.role_id)
        WHERE u.id = #{userId}
    </select>

    <select id="findListRoleIdByUserId" parameterType="java.lang.String" resultType="com.ilabservice.intelab.model.UserRolesMap">
     SELECT
            role_id
        FROM
            site_role_user_map
        WHERE user_id = #{userId}
    </select>

    <select id="getUserRolesMapByRoleId" parameterType="java.lang.Integer" resultType="com.ilabservice.intelab.model.UserRolesMap">
     SELECT
            *
        FROM
            user_role_map
        WHERE role_id = #{roleId}
    </select>

    <delete id="deleteRoleToSpecifiedUser" parameterType="java.lang.String" >
        delete from site_role_user_map
        where user_id = #{userId} and role_id = #{roleId}
  </delete>
</mapper>