<?xml version="1.0" encoding="UTF-8"?>
<!DOCTYPE mapper PUBLIC "-//mybatis.org//DTD Mapper 3.0//EN" "http://mybatis.org/dtd/mybatis-3-mapper.dtd">

<mapper namespace="com.ilabservice.intelab.mapper.UserLocationMonitoringTargetMapper">

	<!-- 可根据自己的需求，是否要使用 -->
    <resultMap type="com.ilabservice.intelab.model.UserLocationMonitoringTarget" id="userLocationMonitoringTargetMap">
        <result property="id" column="id"/>
        <result property="userId" column="user_id"/>
        <result property="locationId" column="location_id"/>
        <result property="targetId" column="target_id"/>
    </resultMap>

    <select id="selectByUserId" parameterType="java.lang.Integer" resultType="com.ilabservice.intelab.model.UserLocationMonitoringTarget">
     SELECT
            id
        FROM
            user_location_monitoring_target
        WHERE user_id = #{userId}
    </select>
</mapper>