<?xml version="1.0" encoding="UTF-8"?>
<!DOCTYPE mapper PUBLIC "-//mybatis.org//DTD Mapper 3.0//EN" "http://mybatis.org/dtd/mybatis-3-mapper.dtd">

<mapper namespace="com.ilabservice.intelab.mapper.UserMapper">

	 <!--可根据自己的需求，是否要使用-->
    <resultMap type="com.ilabservice.intelab.model.User" id="userMap">
        <id property="id" column="id"/>
        <result property="companyId" column="company_id"/>
        <result property="userName" column="user_name"/>
        <result property="password" column="password"/>
        <result property="name" column="name"/>
        <result property="headIcon" column="head_icon"/>
        <result property="mobile" column="mobile"/>
        <result property="telephone" column="telephone"/>
        <result property="gender" column="gender"/>
        <result property="email" column="email"/>
        <result property="department" column="department"/>
        <result property="job" column="job"/>
        <result property="jobNumber" column="job_number"/>
        <result property="bindMobile" column="bind_mobile"/>
        <result property="bindEmail" column="bind_email"/>
        <result property="verify" column="verify"/>
        <result property="createDatetime" column="create_datetime"/>
        <result property="updateDatetime" column="update_datetime"/>
        <result property="lastPasswordErrorDate" column="last_password_error_date"/>
        <result property="passwordErrorRetryTimes" column="password_error_retry_times"/>
        <result property="latestPasswordUpdateTime" column="latest_password_update_time"/>
        <result property="alertNotificationType" column="alert_notification_type"/>
        <result property="blockChainAddress" column="block_chain_address"/>
        <association property="company" column="company_id" fetchType="lazy"
                     javaType="com.ilabservice.intelab.model.Company"
                     select="com.ilabservice.intelab.mapper.CompanyMapper.selectCompanyById"/>
        <collection property="roles" column="id" ofType="com.ilabservice.intelab.model.Role"
                    select="listAllRolesByUserid" fetchType="lazy"/>
    </resultMap>

    <select id='getUserById' parameterType="Integer" resultMap='userMap'>
        SELECT
            u.id,
            u.company_id,
            u.user_name,
            u.password,
            u.name,
            u.head_icon,
            u.mobile,
            u.telephone,
            u.gender,
            u.email,
            u.department,
            u.job,
            u.job_number,
            u.bind_mobile,
            u.bind_email,
            u.verify,
            u.create_datetime,
            u.update_datetime,
            u.last_password_error_date,
            u.password_error_retry_times,
            u.last_password_error_date,
            u.alert_notification_type,
            u.block_chain_address
        FROM ilabservice.user u
        WHERE u.id = #{userID};
    </select>


    <select id="listAllRolesByUserid" parameterType="Integer"
        resultMap="com.ilabservice.intelab.mapper.RoleMapper.roleMap">
        SELECT
            rd.id,
            rd.`name` AS name,
            rd.role_type AS roleType,
            rd.description AS roleDesc
        FROM
            role rd
        LEFT JOIN site_role_user_map srum ON rd.id = srum.role_id
        WHERE srum.user_id = #{userID}
    </select>

    <select id="listAllPermissionsByRoleid" parameterType="Integer"
            resultType="com.ilabservice.intelab.model.Permission">
        SELECT
            `p`.`name` AS `permissionName`,
            `p`.`permission_type` AS `permissionType`,
            `p`.`description` AS `permissionDesc`
        FROM
            permission p
        LEFT JOIN role_permission_map rpm ON p.id = rpm.permission_id
        WHERE rpm.role_id = #{roleid}
    </select>


    <select id="getUserIdAndPasswordByUserName" parameterType="String"
            resultType="com.ilabservice.intelab.model.User">
        SELECT
          `id`,
          `password`
        FROM
          `user`
        WHERE
          `user_name` = #{userName}
    </select>

    <update id="updateUserByPrimaryKeySelective" parameterType="com.ilabservice.intelab.model.User" >
        update user
        <set>
            <if test="companyId != null" >
                company_id = #{companyId},
            </if>
            <if test="userName != null" >
                user_name = #{userName},
            </if>
            <if test="password != null" >
                password = #{password},
            </if>
            <if test="name != null" >
                name = #{name},
            </if>
            <if test="headIcon != null" >
                head_icon = #{headIcon},
            </if>
            <if test="mobile != null" >
                mobile = #{mobile},
            </if>
            <if test="telephone != null" >
                telephone = #{telephone},
            </if>
            <if test="gender != null" >
                gender = #{gender},
            </if>
            <if test="email != null" >
                email = #{email},
            </if>
            <if test="department != null" >
                department = #{department},
            </if>
            <if test="job != null" >
                job = #{job},
            </if>
            <if test="jobNumber != null" >
                job_number = #{jobNumber},
            </if>
            <if test="bindMobile != null" >
                bind_mobile = #{bindMobile},
            </if>
            <if test="bindEmail != null" >
                bind_email = #{bindEmail},
            </if>
            <if test="verify != null" >
                verify = #{verify},
            </if>
            <if test="createDatetime != null" >
                create_datetime = #{createDatetime},
            </if>
            <if test="updateDatetime != null" >
                update_datetime = #{updateDatetime},
            </if>
            <if test="lastPasswordErrorDate != null" >
                last_password_error_date = #{lastPasswordErrorDate},
            </if>
            <if test="passwordErrorRetryTimes != null" >
                password_error_retry_times = #{passwordErrorRetryTimes},
            </if>
            <if test="latestPasswordUpdateTime != null" >
                latest_password_update_time = #{latestPasswordUpdateTime},
            </if>
            <if test="alertNotificationType != null" >
                alert_notification_type = #{alertNotificationType},
            </if>
            <if test="blockChainAddress != null" >
                block_chain_address = #{blockChainAddress},
            </if>
        </set>
        where id = #{id}
    </update>

    <select id="getUserListByCompanyId" parameterType="list"
            resultType="com.ilabservice.intelab.model.User">
        SELECT
          *
        FROM
          `user`
        WHERE
          `company_id` = #{companyId}
    </select>
</mapper>