<?xml version="1.0" encoding="UTF-8"?>
<!DOCTYPE mapper PUBLIC "-//mybatis.org//DTD Mapper 3.0//EN" "http://mybatis.org/dtd/mybatis-3-mapper.dtd">

<mapper namespace="com.ilabservice.intelab.mapper.CompanyContractMapper">

	<!-- 可根据自己的需求，是否要使用 -->
    <resultMap type="com.ilabservice.intelab.model.CompanyContract" id="companyContractMap">
        <result property="id" column="id"/>
        <result property="companyId" column="company_id"/>
        <result property="startDate" column="start_date"/>
        <result property="endDate" column="end_date"/>
        <result property="description" column="description"/>
        <result property="signDate" column="sign_date"/>
    </resultMap>
     <select id="findCompanyContractByCompanyId" parameterType="integer" resultMap="companyContractMap">
     select ct.id,
     ct.company_id,
     ct.start_date,
     ct.end_date,
     ct.description,
     ct.sign_date
     from company_contract ct left join company c
     on c.id=ct.company_id
     where c.id=#{companyId}
     </select>
</mapper>