<?xml version="1.0" encoding="UTF-8"?>
<!DOCTYPE mapper PUBLIC "-//mybatis.org//DTD Mapper 3.0//EN" "http://mybatis.org/dtd/mybatis-3-mapper.dtd">

<mapper namespace="com.ilabservice.intelab.mapper.CompanyMapper">

    <!-- 可根据自己的需求，是否要使用 -->
    <resultMap type="com.ilabservice.intelab.model.Company" id="companyMap">
        <result property="id" column="id"/>
        <result property="domainName" column="domain_name"/>
        <result property="name" column="name"/>
        <result property="address" column="address"/>
        <result property="email" column="email"/>
        <result property="telephone" column="telephone"/>
        <result property="backgroundUrl" column="background_url"/>
        <result property="createDatetime" column="create_datetime"/>
        <result property="loginUrl" column="login_url"/>
        <result property="updateDatetime" column="update_datetime"/>
        <result property="blockChainAddress" column="block_chain_address"/>
        <result property="isEnabled" column="is_enabled"/>
    </resultMap>

    <select id="selectCompanyById" parameterType="Integer" resultType="com.ilabservice.intelab.model.Company">
        select * from company where id = #{id}
    </select>
    
 
    <select id="findListExtraFeatureByCompanyId" parameterType="Integer" resultType="com.ilabservice.intelab.model.ExtraFeature">
    select ef.id,
    ef.name,
    ef.description,
    ef.category,
    ef.tier
    from extra_feature ef 
    left join company_extra_feature_map c 
    on c.extra_feature_id=ef.id
    where c.company_id=#{companyId} 
    </select>
</mapper>