<?xml version="1.0" encoding="UTF-8"?>
<!DOCTYPE mapper PUBLIC "-//mybatis.org//DTD Mapper 3.0//EN" "http://mybatis.org/dtd/mybatis-3-mapper.dtd">

<mapper namespace="com.ilabservice.intelab.mapper.LabDeviceMapper">

	<!-- 可根据自己的需求，是否要使用 -->
    <resultMap type="com.ilabservice.intelab.model.LabDevice" id="labDeviceMap">
        <result property="id" column="id"/>
        <result property="name" column="name"/>
        <result property="purchaseDate" column="purchase_date"/>
        <result property="photo" column="photo"/>
        <result property="manufacturer" column="manufacturer"/>
        <result property="model" column="model"/>
        <result property="healthScore" column="health_score"/>
        <result property="createDatetime" column="create_datetime"/>
        <result property="assetId" column="asset_id"/>
        <result property="productLine" column="product_line"/>
        <result property="brand" column="brand"/>
        <result property="blockChainKey" column="block_chain_key"/>
        <result property="enableSharing" column="enable_sharing"/>
        <result property="leaseClause" column="lease_clause"/>
        <result property="leasePricePerHour" column="lease_price_per_hour"/>
    </resultMap>

</mapper>