<?xml version="1.0" encoding="UTF-8"?>
<!DOCTYPE mapper PUBLIC "-//mybatis.org//DTD Mapper 3.0//EN" "http://mybatis.org/dtd/mybatis-3-mapper.dtd">

<mapper namespace="com.ilabservice.intelab.mapper.LocationMapper">

	<!-- 可根据自己的需求，是否要使用 -->
    <resultMap type="com.ilabservice.intelab.model.Location" id="locationMap">
        <result property="id" column="id"/>
        <result property="parentId" column="parent_id"/>
        <result property="name" column="name"/>
        <result property="description" column="description"/>
        <result property="address" column="address"/>
        <result property="locationType" column="location_type"/>
        <result property="timezone" column="timezone"/>
        <result property="latitude" column="latitude"/>
        <result property="longtitude" column="longtitude"/>
        <result property="createDatetime" column="create_datetime"/>
        <result property="xLocation" column="x_location"/>
        <result property="yLocation" column="y_location"/>
        <result property="isRoot" column="is_root"/>
        <result property="isLeaf" column="is_leaf"/>
        <result property="isEnabled" column="is_enabled"/>
        <result property="companyId" column="company_id"/>
        <result property="background" column="background"/>
        <collection property="childLocations" column="id" ofType="com.ilabservice.intelab.model.Location"
                    fetchType="lazy" select="getChildLocation"/>
    </resultMap>

    <sql id="column">
        l.id,
        l.parent_id,
        l.name,
        l.description,
        l.address,
        l.location_type,
        l.timezone,
        l.latitude,
        l.create_datetime,
        l.x_location,
        l.y_location,
        l.is_root,
        l.is_leaf,
        l.is_enabled,
        l.company_id,
        l.background
    </sql>

    <update id="updateLocation"
            parameterType="com.ilabservice.intelab.model.Location">
        update location
        <set>
            <if test="name != null">
                name = #{name},
            </if>
            <if test="parentId != null">
                parent_id = #{parentId},
            </if>
            <if test="isLeaf != null">
                is_leaf = #{isLeaf},
            </if>
            <if test="locationType != null">
                location_type = #{locationType},
            </if>
            <if test="description != null">
                description = #{description},
            </if>
            <if test="address != null">
                address = #{address},
            </if>
            <if test="xLocation != null">
                x_location = #{xLocation},
            </if>
            <if test="yLocation != null">
                y_location = #{yLocation}
            </if>
        </set>
        where id = #{id}
    </update>

    <select id="getMonitoringTargetByLocationIdAndUserId"
            resultMap="com.ilabservice.intelab.mapper.MonitoringTargetMapper.monitoringTargetMap">
        select
        <include refid="com.ilabservice.intelab.mapper.MonitoringTargetMapper.column"></include>
        from user_location_monitoring_target ulmt right join monitoring_target mt on mt.id = ulmt.target_id
        where ulmt.user_id = #{userId} and ulmt.location_id = #{locationId}
    </select>

    <select id="getChildLocation" resultMap="locationMap" parameterType="Integer">
        select
        <include refid="column"/>
        from location l where l.parent_id = #{id}
    </select>

    <select id="getRootLocationsByCompanyId" parameterType="integer" resultMap="locationMap">
        select
        <include refid="column"/>
        from location l where l.company_id = #{companyId} and l.is_root = TRUE
    </select>

    <select id="findLocationByUserId" parameterType="integer" resultMap="locationMap">
    select l.id,
    l.parent_id,
    l.name,
    l.description,
    l.address,
    l.location_type,
    l.timezone,
    l.latitude,
    l.create_datetime,
    l.x_location,
    l.y_location,
    l.is_root,
    l.is_leaf,
    l.is_enabled,
    l.company_id
    from location l right join location_role_user_map lm on lm.location_id=l.id
    where lm.user_id=#{userId} 
    </select>
     <select id="findLocationByRoleId" parameterType="integer" resultMap="locationMap">
    select l.id,
    l.parent_id,
    l.name,
    l.description,
    l.address,
    l.location_type,
    l.timezone,
    l.latitude,
    l.create_datetime,
    l.x_location,
    l.y_location,
    l.is_root,
    l.is_leaf,
    l.is_enabled,
    l.company_id
    from location l right join location_role_user_map lm on lm.location_id=l.id
    where lm.role_id=#{roleId} 
    </select>
         <select id="findLocationById" parameterType="integer" resultMap="locationMap">
    select
        <include refid="column"/>
    from location l
    where id=#{locationId}
    </select>

    <select id="findMonitoringTargetByLocationId" parameterType="integer" resultType="com.ilabservice.intelab.model.MonitoringTarget">
    select mt.id,
    mt.location_id as locationId,
    mt.serial_no as serialNo,
    mt.monitoring_target_type_id as monitoringTargetTypeId,
    mt.ref_table as refTable,
    mt.ref_table_id as refTableId,
    mt.asset_id as assetId,
    mt.name,
    mt.owner_id as ownerId,
    mt.creator_id as creatorId,
    mt.create_datetime as createDatetime,
    mt.is_enabled as isEnabled,
    mt.status,
    mt.enable_sharing as enableSharing,
    mt.block_chain_key as blockChainKey,
    mt.lease_clause as leaseClause,
    mt.lease_price_per_hour as leasePricePerHour,
    mt.latest_running_status as latestRunningStatus,
    mt.model,
    mt.product_line as productLine,
    mt.brand,
    mt.company_id as companyId
    from monitoring_target mt right join location l on l.id=mt.location_id
    where l.id=#{locationID} 
     </select>
</mapper>