<?xml version="1.0" encoding="UTF-8"?>
<!DOCTYPE mapper PUBLIC "-//mybatis.org//DTD Mapper 3.0//EN" "http://mybatis.org/dtd/mybatis-3-mapper.dtd">

<mapper namespace="com.ilabservice.intelab.mapper.MonitoringTargetMapper">

	<!-- 可根据自己的需求，是否要使用 -->
    <resultMap type="com.ilabservice.intelab.model.MonitoringTarget" id="monitoringTargetMap">
        <result property="id" column="id"/>
        <result property="locationId" column="location_id"/>
        <result property="serialNo" column="serial_no"/>
        <result property="monitoringTargetTypeId" column="monitoring_target_type_id"/>
        <result property="refTable" column="ref_table"/>
        <result property="refTableId" column="ref_table_id"/>
        <result property="name" column="name"/>
        <result property="ownerId" column="owner_id"/>
        <result property="creatorId" column="creator_id"/>
        <result property="createDatetime" column="create_datetime"/>
        <result property="isEnabled" column="is_enabled"/>
        <result property="status" column="status"/>
        <result property="latestRunningStatus" column="latest_running_status"/>
        <result property="companyId" column="company_id"/>

        <association property="company"
                     javaType="com.ilabservice.intelab.model.Company" column="company_id"
                     select="getComponyInfoByMonId" fetchType="lazy" />

        <association property="createUser"
                     javaType="com.ilabservice.intelab.model.User" column="creator_id"
                     select="getCreateUserInfoByMonId" fetchType="lazy" />

        <association property="ownerUser"
                     javaType="com.ilabservice.intelab.model.User" column="owner_id"
                     select="getOwnerUserInfoByMonId" fetchType="lazy" />

        <association property="location"
                     javaType="com.ilabservice.intelab.model.Location" column="location_id"
                     select="getLocationInfoByMonId" fetchType="lazy" />

        <association property="monitoringTargetType"
                     javaType="com.ilabservice.intelab.model.MonitoringTargetType" column="monitoring_target_type_id"
                     select="getMonTargetTypeInfoByMonId" fetchType="lazy" />
    </resultMap>

<!-- ..................................表關係配置文件.................................. -->

    <sql id="column">
        mt.id,
        mt.location_id,
        mt.serial_no,
        mt.monitoring_target_type_id,
        mt.ref_table,
        mt.ref_table_id,
        mt.name,
        mt.owner_id,
        mt.creator_id,
        mt.create_datetime,
        mt.status,
        mt.latest_running_status,
        mt.company_id
    </sql>

    <select id="getComponyInfoByMonId" resultType="com.ilabservice.intelab.model.Company"
            parameterType="Integer">
        select * from company c where c.id = #{company_id}
     </select>
    <select id="getCreateUserInfoByMonId" resultType="com.ilabservice.intelab.model.User"
            parameterType="Integer">
        select * from user d where d.id = #{creator_id}
     </select>
    <select id="getOwnerUserInfoByMonId" resultType="com.ilabservice.intelab.model.User"
            parameterType="Integer">
        select * from user u where u.id = #{owner_id}
     </select>
    <select id="getLocationInfoByMonId" resultType="com.ilabservice.intelab.model.Location"
            parameterType="Integer">
        select * from location l where l.id = #{location_id}
     </select>
    <select id="getMonTargetTypeInfoByMonId" resultType="com.ilabservice.intelab.model.MonitoringTargetType"
            parameterType="Integer">
        select * from monitoring_target_type m where m.id = #{monitoring_target_type_id}
     </select>

<!-- ..................................表關係配置文件.................................. -->

    <select id="selectByUserId" parameterType="java.lang.Integer" resultType="com.ilabservice.intelab.model.MonitoringTarget">
     SELECT
            id
        FROM
            monitoring_target
        WHERE owner_id = #{userId} or creator_id = #{userId}
    </select>
</mapper>