<?xml version="1.0" encoding="UTF-8"?>
<!DOCTYPE mapper PUBLIC "-//mybatis.org//DTD Mapper 3.0//EN" "http://mybatis.org/dtd/mybatis-3-mapper.dtd">

<mapper namespace="com.ilabservice.intelab.mapper.MonitoringTargetTypeMapper">

	<!-- 可根据自己的需求，是否要使用 -->
    <resultMap type="com.ilabservice.intelab.model.MonitoringTargetType" id="monitoringTargetTypeMap">
        <result property="id" column="id"/>
        <result property="name" column="name"/>
        <result property="description" column="description"/>
        <result property="logoUrl" column="logo_url"/>
        <result property="companyId" column="company_id"/>
        <result property="createDatetime" column="create_datetime"/>
    </resultMap>

</mapper>