<?xml version="1.0" encoding="UTF-8"?>
<configuration>

    <property name="CONSOLE_LOG_PATTERN"
              value="%date{yyyy-MM-dd HH:mm:ss} | %highlight(%-5level) | %boldYellow(%thread) | %boldGreen(%logger) | %msg%n"/>

    <appender name="STDOUT" class="ch.qos.logback.core.ConsoleAppender">
        <encoder>
            <Pattern>${CONSOLE_LOG_PATTERN}</Pattern>
        </encoder>
    </appender>

    <logger name="com.ilabservice.intelab" level="info"/>

    <logger name="com.ilabservice.intelab.client" level="info"/>

    <root level="debug">
        <appender-ref ref="STDOUT"/>
    </root>

</configuration>